{
  "accuracy": 0.9583333333333334,
  "macro_f1": 0.9581699346405229,
  "weighted_f1": 0.9581699346405229,
  "labels": [
    "negative",
    "neutral",
    "positive"
  ],
  "confusion_matrix": [
    [
      7,
      1,
      0
    ],
    [
      0,
      8,
      0
    ],
    [
      0,
      0,
      8
    ]
  ],
  "classification_report": {
    "negative": {
      "precision": 1.0,
      "recall": 0.875,
      "f1-score": 0.9333333333333333,
      "support": 8.0
    },
    "neutral": {
      "precision": 0.8888888888888888,
      "recall": 1.0,
      "f1-score": 0.9411764705882353,
      "support": 8.0
    },
    "positive": {
      "precision": 1.0,
      "recall": 1.0,
      "f1-score": 1.0,
      "support": 8.0
    },
    "accuracy": 0.9583333333333334,
    "macro avg": {
      "precision": 0.9629629629629629,
      "recall": 0.9583333333333334,
      "f1-score": 0.9581699346405229,
      "support": 24.0
    },
    "weighted avg": {
      "precision": 0.9629629629629629,
      "recall": 0.9583333333333334,
      "f1-score": 0.9581699346405229,
      "support": 24.0
    }
  },
  "model": "rule_based",
  "n_observations": 24
}